systematic_id,gene_name,verification_phenotype,verification_essentiality,round_gene_num,comments,total_colonies,filtered_count,filtering_fraction,deletion_with_area_count,deletion_without_area_count,deletion_with_area_fraction,median_area_day3,median_area_day4,median_area_day5,median_area_day6,mean_area_day3,mean_area_day4,mean_area_day5,mean_area_day6
SPAC1002.16c,tna1,WT,V,20th_round_329,,48.0,44.0,0.92,21.0,1.0,0.95,0.988,0.937,0.917,0.897,0.917,0.897,0.864,0.84
SPAC10F6.03c,cts1,E,E,22th_round_434,,,,,,,,,,,,,,,
SPAC11E3.08c,nse6,"E,small colonies",E,17th_round_225,17th_round_225_#1: 一半左右一个长一个不长;17th_round_225_#2: 一半左右一个长一个不长,96.0,88.0,0.92,23.0,21.0,0.52,0.0,0.0,0.0,0.012,0.002,0.01,0.029,0.048
SPAC11E3.09,pyp3,WT,V,17th_round_226,,96.0,92.0,0.96,43.0,3.0,0.93,1.044,0.982,0.951,0.963,0.931,0.94,0.939,0.944
SPAC11G7.02,pub1,small colonies,V,2nd_round_48,,96.0,96.0,1.0,45.0,3.0,0.94,0.186,0.234,0.274,0.293,0.168,0.238,0.271,0.298
SPAC11H11.04,mam2,WT,V,17th_round_227,,96.0,96.0,1.0,48.0,0.0,1.0,1.012,1.017,1.021,1.056,0.998,1.009,1.013,1.014
SPAC1250.01,snf21,E,E,22th_round_416,,,,,,,,,,,,,,,
SPAC1296.06,tah18,E,E,2nd_round_49,,,,,,,,,,,,,,,
SPAC12B10.01c,hul6,WT,V,"16th_round_205,17th_round_228",,192.0,180.0,0.94,89.0,1.0,0.99,0.922,0.934,0.99,1.037,0.926,0.942,0.972,0.975
SPAC12B10.02c,sdg1,E,E,"20th_round_330,23th_round_330",,,,,,,,,,,,,,,
SPAC12G12.04,mcp60,E,E,16th_round_197,,,,,,,,,,,,,,,
SPAC12G12.13c,cid14,very small colonies,V,12th_round_143,12th_round_143_#1: 克隆部分轻微可见;12th_round_143_#2: 克隆部分轻微可见,96.0,84.0,0.88,25.0,17.0,0.6,0.0,0.0,0.0,0.004,0.005,0.0,0.001,0.005
SPAC12G12.16c,SPAC12G12.16c,small colonies,V,18th_round_306,18th_round_306_#1: 克隆可见但转印后难长;18th_round_306_#2: 克隆可见但转印后难长,48.0,44.0,0.92,22.0,0.0,1.0,0.105,0.1,0.086,0.081,0.116,0.101,0.089,0.083
SPAC13C5.01c,pre9,"E,small colonies",E,2nd_round_50,2nd_round_50_#1: 克隆部分可见;2nd_round_50_#2: 克隆部分可见,96.0,92.0,0.96,15.0,31.0,0.33,0.0,0.0,0.0,0.0,0.0,0.0,0.003,0.007
SPAC13C5.05c,SPAC13C5.05c,E,E,2nd_round_51,,,,,,,,,,,,,,,
SPAC13G6.07c,rps601,small colonies,V,2nd_round_52,,96.0,92.0,0.96,45.0,1.0,0.98,0.377,0.493,0.533,0.545,0.372,0.483,0.534,0.559
SPAC13G6.09,tsr402,small colonies,V,12th_round_144,,96.0,88.0,0.92,44.0,0.0,1.0,0.2,0.333,0.394,0.41,0.202,0.32,0.366,0.39
SPAC140.02,gar2,small colonies,V,22th_round_381,,52.0,52.0,1.0,12.0,14.0,0.46,0.038,,,0.0,0.047,,,0.226
SPAC144.11,rps1102,small colonies,V,17th_round_229,,96.0,80.0,0.83,40.0,0.0,1.0,0.515,0.6,0.641,0.627,0.503,0.593,0.625,0.64
SPAC144.13c,srw1,"E,WT",E,"2nd_round_53,17th_round_230",2nd_round_53_#1: 2，3，4个都有;2nd_round_53_#2: 2，3，4个都有,192.0,184.0,0.96,42.0,50.0,0.46,0.0,0.0,0.0,0.0,0.407,0.422,0.43,0.437
SPAC1486.02c,dsc2,WT,V,2nd_round_54,,96.0,92.0,0.96,45.0,1.0,0.98,0.861,0.83,0.779,0.751,0.845,0.827,0.826,0.825
SPAC1486.04c,alm1,small colonies,V,16th_round_201,,96.0,92.0,0.96,43.0,3.0,0.93,0.055,0.169,0.245,0.314,0.059,0.192,0.267,0.289
SPAC1486.05,nup189,E,E,16th_round_185,,,,,,,,,,,,,,,
SPAC14C4.14,atp1,small colonies,V,16th_round_217,,96.0,92.0,0.96,45.0,1.0,0.98,0.234,0.315,0.363,0.346,0.234,0.3,0.343,0.349
SPAC1556.05c,cgr1,small colonies,V,2nd_round_55,,96.0,92.0,0.96,45.0,1.0,0.98,0.029,0.14,0.177,0.198,0.03,0.136,0.185,0.207
SPAC15A10.01,atm1,E,E,19th_round_312,,,,,,,,,,,,,,,
SPAC15A10.03c,rad54,"E,small colonies",E,22th_round_382,22th_round_382_#LV405: 克隆可见但很小，且大部分一个可见一个可见,52.0,52.0,1.0,15.0,11.0,0.58,0.0,,,0.013,0.0,,,0.019
SPAC15A10.12c,tca17,E,E,19th_round_313,,,,,,,,,,,,,,,
SPAC15E1.04,hal3,E,E,2nd_round_56,,,,,,,,,,,,,,,
SPAC15E1.10,fub1,WT,V,17th_round_231,,96.0,84.0,0.88,42.0,0.0,1.0,1.059,1.014,0.974,0.96,1.062,1.05,1.045,1.027
SPAC1687.13c,csn5,WT,V,17th_round_232,,48.0,40.0,0.83,20.0,0.0,1.0,0.859,0.895,0.948,0.959,0.861,0.879,0.923,0.946
SPAC1687.20c,mis6,E,E,16th_round_202,,,,,,,,,,,,,,,
SPAC16C9.03,nmd3,E,E,22th_round_432,,,,,,,,,,,,,,,
SPAC16E8.17c,sca1,WT,V,17th_round_233,,96.0,88.0,0.92,44.0,0.0,1.0,1.014,1.009,0.97,0.948,1.002,1.017,1.016,1.016
SPAC1783.08c,rpl1502,small colonies,V,17th_round_234,,96.0,84.0,0.88,42.0,0.0,1.0,0.461,0.59,0.639,0.599,0.462,0.599,0.666,0.715
SPAC17A5.14,exo2,small colonies,V,2nd_round_57,,96.0,72.0,0.75,35.0,1.0,0.97,0.0,0.111,0.2,0.223,0.005,0.116,0.194,0.235
SPAC17A5.15c,gus1,E,E,16th_round_186,,,,,,,,,,,,,,,
SPAC17C9.05c,pmc3,small colonies,V,17th_round_235,,96.0,96.0,1.0,48.0,0.0,1.0,0.606,0.65,0.686,0.703,0.595,0.648,0.671,0.676
SPAC17C9.06,sam50,E,E,19th_round_314,,,,,,,,,,,,,,,
SPAC17C9.13c,cut8,E,E,22th_round_379,,,,,,,,,,,,,,,
SPAC17G6.04c,cpp1,very small colonies,V,22th_round_371,22th_round_371_#1: 克隆可见但很小,52.0,48.0,0.92,17.0,7.0,0.71,0.0,,,0.008,0.0,,,0.011
SPAC17G6.12,cul1,E,E,22th_round_405,,,,,,,,,,,,,,,
SPAC17G8.02,urh2,WT,V,20th_round_331,,96.0,88.0,0.92,42.0,2.0,0.95,1.035,1.034,1.033,1.053,0.962,0.979,1.0,1.027
SPAC17G8.04c,arc5,E,E,22th_round_425,,,,,,,,,,,,,,,
SPAC17G8.06c,ilv3,"E,small colonies",E,"12th_round_145,19th_round_315",12th_round_145_#1: 不都是一个长一个不长;12th_round_145_#2: 不都是一个长一个不长,192.0,184.0,0.96,60.0,32.0,0.65,0.0,0.012,0.047,0.067,0.06,0.08,0.098,0.11
SPAC17H9.03c,rdl1,WT,V,17th_round_236,,48.0,44.0,0.92,22.0,0.0,1.0,0.955,0.962,0.954,0.954,0.968,0.978,0.992,1.0
SPAC17H9.10c,ddb1,small colonies,V,16th_round_209,,48.0,44.0,0.92,21.0,1.0,0.95,0.235,0.355,0.419,0.456,0.241,0.348,0.385,0.396
SPAC17H9.13c,pro2,small colonies,V,17th_round_237,,96.0,76.0,0.79,35.0,3.0,0.92,0.529,0.44,0.374,0.33,0.532,0.465,0.382,0.34
SPAC1805.06c,hem2,E,E,3rd_round_58,,,,,,,,,,,,,,,
SPAC1805.11c,rps2602,small colonies,V,3rd_round_59,,96.0,56.0,0.58,24.0,4.0,0.86,0.0,0.021,0.069,0.108,0.019,0.02,0.059,0.089
SPAC1805.13,rpl14,E,E,1st_round_1,,,,,,,,,,,,,,,
SPAC1834.11c,sec18,E,E,22th_round_438,,,,,,,,,,,,,,,
SPAC18B11.11,SPAC18B11.11,small colonies,V,16th_round_218,,96.0,80.0,0.83,39.0,1.0,0.97,0.4,0.499,0.527,0.559,0.424,0.498,0.554,0.587
SPAC1952.05,gcn5,small colonies,V,3rd_round_60,,96.0,92.0,0.96,45.0,1.0,0.98,0.673,0.683,0.704,0.7,0.665,0.691,0.711,0.722
SPAC19A8.03,ymr1,WT,V,17th_round_238,,96.0,96.0,1.0,48.0,0.0,1.0,0.94,0.974,0.955,0.989,0.945,0.949,0.976,1.011
SPAC19B12.03,bgs3,E,E,16th_round_193,,,,,,,,,,,,,,,
SPAC1A6.06c,meu31,WT,V,17th_round_239,,96.0,92.0,0.96,44.0,2.0,0.96,1.011,0.986,0.949,0.918,0.911,0.92,0.926,0.924
SPAC1B2.03c,elo2,E,E,14th_round_171,,,,,,,,,,,,,,,
SPAC1F3.07c,rsc58,small colonies,V,17th_round_240,17th_round_240_#1: 克隆可见但转印后长的不错;17th_round_240_#2: 克隆可见但转印后长的不错,96.0,68.0,0.71,29.0,5.0,0.85,0.098,0.102,0.143,0.162,0.093,0.096,0.13,0.153
SPAC1F3.10c,oct1,small colonies,V,3rd_round_61,,96.0,96.0,1.0,48.0,0.0,1.0,0.103,0.157,0.163,0.153,0.097,0.156,0.167,0.166
SPAC1F5.10,fal1,small colonies,V,22th_round_395,,52.0,52.0,1.0,25.0,1.0,0.96,0.0,,,0.065,0.0,,,0.071
SPAC1F5.11c,tra2,E,E,22th_round_410,,,,,,,,,,,,,,,
SPAC1F7.01c,spt6,very small colonies,V,3rd_round_62,3rd_round_62_#1: 克隆部分轻微可见;3rd_round_62_#2: 克隆部分轻微可见,96.0,84.0,0.88,16.0,26.0,0.38,0.0,0.0,0.0,0.0,0.0,0.0,0.001,0.003
SPAC1F7.02c,has1,E,E,22th_round_429,,,,,,,,,,,,,,,
SPAC1F7.04,rho1,E,E,3rd_round_63,,,,,,,,,,,,,,,
SPAC20G8.07c,erg2,small colonies,V,3rd_round_64,,48.0,40.0,0.83,17.0,3.0,0.85,0.403,0.467,0.461,0.43,0.35,0.41,0.417,0.405
SPAC20G8.09c,nat10,E,E,22th_round_443,,,,,,,,,,,,,,,
SPAC20H4.07,rad57,small colonies,V,17th_round_241,,96.0,92.0,0.96,46.0,0.0,1.0,0.268,0.399,0.435,0.433,0.261,0.398,0.428,0.452
SPAC227.01c,erd1,small colonies,V,3rd_round_65,3rd_round_65_#4: 有极少部分deletion一个长，一个部长;3rd_round_65_#5: 有极少部分deletion一个长，一个部长,96.0,76.0,0.79,33.0,5.0,0.87,0.026,0.156,0.244,0.238,0.096,0.166,0.217,0.258
SPAC227.13c,isu1,small colonies,V,3rd_round_66,,48.0,48.0,1.0,23.0,1.0,0.96,0.272,0.401,0.447,0.464,0.263,0.408,0.459,0.48
SPAC22A12.04c,rps2201,small colonies,V,12th_round_146,,96.0,96.0,1.0,47.0,1.0,0.98,0.245,0.407,0.473,0.475,0.238,0.385,0.446,0.472
SPAC22E12.10c,etp1,E,E,22th_round_417,,,,,,,,,,,,,,,
SPAC22E12.16c,pik1,E,E,22th_round_423,,,,,,,,,,,,,,,
SPAC22F3.11c,snu23,E,E,22th_round_454,,,,,,,,,,,,,,,
SPAC22F8.11,plc1,E,E,12th_round_147,,,,,,,,,,,,,,,
SPAC22G7.05,kri1,E,E,22th_round_467,,,,,,,,,,,,,,,
SPAC22H12.04c,rps102,small colonies,V,22th_round_466,,48.0,48.0,1.0,23.0,1.0,0.96,0.0,,,0.195,0.0,,,0.18
SPAC23A1.15c,sec20,E,E,1st_round_2,,,,,,,,,,,,,,,
SPAC23C4.14,alg1,E,E,22th_round_424,,,,,,,,,,,,,,,
SPAC23D3.08,usp108,E,E,20th_round_332,,,,,,,,,,,,,,,
SPAC23G3.10c,ssr3,E,E,3rd_round_67,,,,,,,,,,,,,,,
SPAC23H3.03c,npr2,small colonies,V,4th_round_68,4th_round_68_#1: 转印后很难长;4th_round_68_#2: 转印后很难长,96.0,68.0,0.71,30.0,4.0,0.88,0.0,0.02,0.049,0.07,0.002,0.023,0.047,0.067
SPAC23H3.09c,gly1,small colonies,V,4th_round_69,,96.0,84.0,0.88,42.0,0.0,1.0,0.484,0.568,0.644,0.658,0.458,0.597,0.657,0.695
SPAC23H4.18c,rbx1,E,E,19th_round_316,,,,,,,,,,,,,,,
SPAC24B11.13,hem3,E,E,4th_round_70,,,,,,,,,,,,,,,
SPAC24C9.04,med9,E,E,15th_round_174,,,,,,,,,,,,,,,
SPAC24H6.01c,gup1,E,E,16th_round_213,,,,,,,,,,,,,,,
SPAC25B8.15c,tyw3,E,E,17th_round_242,,,,,,,,,,,,,,,
SPAC25G10.03,zip1,small colonies,V,12th_round_148,,96.0,92.0,0.96,46.0,0.0,1.0,0.0,0.03,0.123,0.178,0.001,0.036,0.124,0.187
SPAC25G10.06,rps2801,small colonies,V,22th_round_392,,52.0,44.0,0.85,21.0,1.0,0.95,0.056,,,0.281,0.054,,,0.365
SPAC25G10.09c,pan1,E,E,4th_round_71,,,,,,,,,,,,,,,
SPAC26A3.03c,rmi1,E,E,20th_round_333,,,,,,,,,,,,,,,
SPAC26F1.04c,etr1,small colonies,V,21th_round_351,21th_round_351_#1: 克隆可见但转印后难长;21th_round_351_#2: 克隆可见但转印后难长,96.0,92.0,0.96,40.0,6.0,0.87,0.0,0.013,0.02,0.021,0.003,0.012,0.019,0.02
SPAC26H5.12,rpo41,E,E,16th_round_198,,,,,,,,,,,,,,,
SPAC27E2.03c,ola1,small colonies,V,18th_round_308,,96.0,96.0,1.0,48.0,0.0,1.0,0.39,0.467,0.493,0.47,0.39,0.467,0.506,0.52
SPAC29A4.03c,mrps9,E,E,22th_round_404,22th_round_404_#LV500: 克隆部分轻微可见,,,,,,,,,,,,,,
SPAC29A4.16,hal4,small colonies,V,17th_round_243,,96.0,96.0,1.0,48.0,0.0,1.0,0.351,0.468,0.5,0.56,0.345,0.467,0.522,0.579
SPAC29A4.20,elp3,small colonies,V,22th_round_353,,52.0,48.0,0.92,18.0,6.0,0.75,0.312,,,0.618,0.328,,,0.555
SPAC2C4.16c,rps801,small colonies,V,12th_round_149,,48.0,40.0,0.83,20.0,0.0,1.0,0.048,0.211,0.269,0.267,0.048,0.212,0.28,0.306
SPAC2G11.06,vps4,small colonies,V,4th_round_72,4th_round_72_#3: 转印后很难长;4th_round_72_#4: 转印后很难长,96.0,88.0,0.92,44.0,0.0,1.0,0.012,0.104,0.187,0.224,0.028,0.11,0.185,0.237
SPAC2G11.12,rqh1,small colonies,V,17th_round_244,,48.0,48.0,1.0,19.0,5.0,0.79,0.49,0.566,0.56,0.58,0.4,0.453,0.468,0.482
SPAC30C2.02,mmd1,small colonies,V,22th_round_396,,52.0,40.0,0.77,20.0,0.0,1.0,0.718,,,0.402,0.97,,,0.427
SPAC30C2.03,SPAC30C2.03,E,E,19th_round_317,19th_round_317_#1: 克隆部分轻微可见;19th_round_317_#2: 克隆部分轻微可见,,,,,,,,,,,,,,
SPAC30C2.04,asc1,small colonies,V,17th_round_245,,96.0,84.0,0.88,42.0,0.0,1.0,0.453,0.532,0.585,0.628,0.468,0.541,0.584,0.654
SPAC30C2.06c,dml1,E,E,1st_round_3,,,,,,,,,,,,,,,
SPAC30D11.13,hus5,very small colonies,V,22th_round_390,22th_round_390_#LV437: 克隆可见但很小,52.0,48.0,0.92,17.0,7.0,0.71,0.0,,,0.012,0.0,,,0.012
SPAC31A2.05c,mis4,E,E,22th_round_411,,,,,,,,,,,,,,,
SPAC31A2.13c,sft1,E,E,1st_round_4,,,,,,,,,,,,,,,
SPAC31G5.03,rps1101,small colonies,V,12th_round_150,12th_round_150_#1: 孢子存活率低,96.0,72.0,0.75,32.0,4.0,0.89,0.014,0.131,0.2,0.238,0.012,0.118,0.18,0.221
SPAC31G5.19,abo1,"E,small colonies",E,22th_round_397,22th_round_397_#LV465: 克隆部分可见但很小，且大部分一个可见一个可见,,,,,,,,,,,,,,
SPAC323.01c,pos5,small colonies,V,12th_round_151,12th_round_151_#1: 大部分两个都长，也有一部分只长一个;12th_round_151_#2: 大部分两个都长，也有一部分只长一个,96.0,92.0,0.96,37.0,9.0,0.8,0.0,0.051,0.082,0.092,0.009,0.055,0.086,0.105
SPAC323.05c,mtq2,small colonies,V,4th_round_73,,96.0,96.0,1.0,48.0,0.0,1.0,0.112,0.202,0.238,0.26,0.11,0.198,0.236,0.259
SPAC328.01c,msn5,WT,V,17th_round_246,,96.0,92.0,0.96,46.0,0.0,1.0,0.903,0.921,0.933,0.936,0.902,0.93,0.97,0.964
SPAC328.02,dbl4,small colonies,V,22th_round_366,,,,,,,,,,,,,,,
SPAC328.10c,rps502,small colonies,V,17th_round_247,,48.0,44.0,0.92,22.0,0.0,1.0,0.4,0.491,0.501,0.51,0.385,0.481,0.51,0.518
SPAC343.17c,wdr70,small colonies,V,20th_round_334,,96.0,92.0,0.96,45.0,1.0,0.98,0.0,0.042,0.087,0.115,0.001,0.036,0.082,0.111
SPAC3A12.10,rpl2001,small colonies,V,17th_round_248,17th_round_248_#1: 克隆可见但转印后难长;17th_round_248_#2: 克隆可见但转印后难长,96.0,68.0,0.71,34.0,0.0,1.0,0.0,0.057,0.124,0.15,0.0,0.057,0.131,0.165
SPAC3C7.08c,elf1,small colonies,V,12th_round_152,12th_round_152_#1: 克隆可见但转印后长的不错;12th_round_152_#2: 克隆可见但转印后长的不错,48.0,44.0,0.92,21.0,1.0,0.95,0.0,0.009,0.037,0.066,0.0,0.009,0.035,0.067
SPAC3C7.11c,cnx1,"E,small colonies",E,19th_round_318,19th_round_318_#1: 极少数deletion长且形状不规则;19th_round_318_#2: 极少数deletion长且形状不规则,96.0,88.0,0.92,8.0,36.0,0.18,0.0,0.0,0.0,0.0,0.002,0.005,0.008,0.01
SPAC3F10.16c,SPAC3F10.16c,very small colonies,V,12th_round_153,12th_round_153_#1: 克隆轻微可见;12th_round_153_#2: 克隆轻微可见,96.0,96.0,1.0,35.0,13.0,0.73,0.0,0.0,0.0,0.007,0.007,0.004,0.003,0.009
SPAC3F10.17,ltv1,small colonies,V,4th_round_74,,96.0,88.0,0.92,44.0,0.0,1.0,0.0,0.0,0.026,0.057,0.0,0.0,0.191,0.056
SPAC3H5.07,rpl702,small colonies,V,4th_round_75,,48.0,44.0,0.92,22.0,0.0,1.0,0.376,0.457,0.504,0.505,0.376,0.457,0.483,0.481
SPAC4A8.03c,ptc4,small colonies,V,"17th_round_249,23th_round_249",,96.0,88.0,0.92,42.0,2.0,0.95,0.595,0.614,0.585,0.567,0.586,0.565,0.543,0.531
SPAC4A8.04,isp6,WT,V,22th_round_465,,96.0,88.0,0.92,44.0,0.0,1.0,0.976,,,1.156,0.98,,,1.101
SPAC4A8.08c,vrs2,E,E,16th_round_203,16th_round_203_#1: 克隆部分轻微可见;16th_round_203_#2: 克隆部分轻微可见,,,,,,,,,,,,,,
SPAC4A8.11c,fas2,E,E,16th_round_189,,,,,,,,,,,,,,,
SPAC4C5.03,SPAC4C5.03,WT,V,17th_round_250,,96.0,88.0,0.92,42.0,2.0,0.95,0.873,0.855,0.843,0.829,0.832,0.826,0.814,0.79
SPAC4C5.04,rad31,small colonies,V,22th_round_355,,52.0,52.0,1.0,24.0,2.0,0.92,0.0,,,0.088,0.0,,,0.093
SPAC4F10.05c,lip2,E,E,22th_round_357,22th_round_357_#1: 克隆轻微可见,,,,,,,,,,,,,,
SPAC4F10.06,bud22,small colonies,V,4th_round_76,,96.0,88.0,0.92,39.0,5.0,0.89,0.0,0.0,0.007,0.032,0.002,0.0,0.006,0.031
SPAC4F8.03,sdo1,very small colonies,V,12th_round_154,12th_round_154_#1: 克隆轻微可见;12th_round_154_#2: 克隆轻微可见,96.0,84.0,0.88,22.0,20.0,0.52,0.0,0.0,0.0,0.003,0.007,0.0,0.0,0.004
SPAC4G8.10,gos1,E,E,12th_round_155,,,,,,,,,,,,,,,
SPAC4G9.15,ifa38,E,E,12th_round_156,,,,,,,,,,,,,,,
SPAC57A7.04c,pabp,E,E,22th_round_459,,,,,,,,,,,,,,,
SPAC57A7.12,ssz1,small colonies,V,22th_round_386,,52.0,48.0,0.92,24.0,0.0,1.0,0.296,,,0.408,0.291,,,0.436
SPAC589.12,cwh43,E,E,4th_round_77,,,,,,,,,,,,,,,
SPAC5D6.06c,alg14,E,E,22th_round_464,22th_round_464_#LV823?: WT 也一大一小,48.0,48.0,1.0,0.0,24.0,0.0,0.0,,,0.0,0.0,,,0.0
SPAC607.02c,SPAC607.02c,small colonies,V,"5th_round_78,17th_round_251",,192.0,184.0,0.96,87.0,5.0,0.95,0.05,0.165,0.21,0.243,0.048,0.155,0.199,0.228
SPAC630.13c,tsc2,small colonies,V,5th_round_79,,96.0,76.0,0.79,33.0,5.0,0.87,0.23,0.323,0.361,0.369,0.203,0.274,0.344,0.36
SPAC637.04,ypp1,E,E,22th_round_422,,,,,,,,,,,,,,,
SPAC637.06,gmh5,small colonies,V,17th_round_252,,96.0,80.0,0.83,39.0,1.0,0.97,0.493,0.539,0.605,0.647,0.488,0.534,0.581,0.611
SPAC644.14c,rad51,"E,small colonies",E,5th_round_80,5th_round_80_#4: 一半两个长一半一个长一个不长;5th_round_80_#5: 大部分两个长少部分一个长一个不长,96.0,84.0,0.88,35.0,7.0,0.83,0.0,0.076,0.115,0.135,0.011,0.069,0.107,0.127
SPAC664.02c,arp8,small colonies,V,17th_round_253,,96.0,88.0,0.92,43.0,1.0,0.98,0.369,0.428,0.506,0.578,0.35,0.418,0.486,0.54
SPAC664.04c,rps1602,small colonies,V,5th_round_81,,48.0,48.0,1.0,24.0,0.0,1.0,0.531,0.615,0.697,0.71,0.553,0.619,0.662,0.678
SPAC664.09,ggt1,E,E,15th_round_175,,,,,,,,,,,,,,,
SPAC664.11,ssc1,E,E,16th_round_190,,,,,,,,,,,,,,,
SPAC694.02,SPAC694.02,small colonies,V,16th_round_219,,48.0,4.0,0.08,0.0,2.0,0.0,0.0,0.0,0.0,0.0,0.0,0.0,0.0,0.0
SPAC6B12.02c,mus7,small colonies,V,5th_round_82,,96.0,84.0,0.88,41.0,1.0,0.98,0.057,0.201,0.257,0.283,0.078,0.191,0.238,0.26
SPAC6B12.15,cpc2,small colonies,V,22th_round_385,,52.0,48.0,0.92,23.0,1.0,0.96,0.387,,,0.562,0.349,,,0.561
SPAC6C3.09,rpp40,small colonies,V,15th_round_176,,96.0,92.0,0.96,46.0,0.0,1.0,0.636,0.745,0.824,0.864,0.659,0.727,0.769,0.793
SPAC6F12.16c,mtr4,E,E,16th_round_187,,,,,,,,,,,,,,,
SPAC6F6.03c,nog2,E,E,22th_round_449,,,,,,,,,,,,,,,
SPAC6F6.17,rif1,WT,V,16th_round_206,,96.0,92.0,0.96,45.0,1.0,0.98,0.933,0.944,0.925,0.919,0.921,0.939,0.947,0.956
SPAC6G10.05c,trs120,E,E,16th_round_194,,,,,,,,,,,,,,,
SPAC6G10.09,gls1,E,E,19th_round_319,,,,,,,,,,,,,,,
SPAC7D4.06c,alg3,small colonies,V,17th_round_254,,96.0,92.0,0.96,46.0,0.0,1.0,0.694,0.707,0.733,0.75,0.684,0.715,0.75,0.779
SPAC7D4.10,vma13,E,E,16th_round_210,,,,,,,,,,,,,,,
SPAC806.03c,rps2601,small colonies,V,22th_round_375,,52.0,48.0,0.92,24.0,0.0,1.0,0.599,,,0.684,0.572,,,0.754
SPAC823.06,taf3,E,E,15th_round_177,,,,,,,,,,,,,,,
SPAC823.08c,rrp3,E,E,22th_round_431,,,,,,,,,,,,,,,
SPAC823.11,sgp1,small colonies,V,20th_round_335,,96.0,88.0,0.92,44.0,0.0,1.0,0.742,0.765,0.798,0.825,0.728,0.745,0.766,0.791
SPAC824.02,bst1,small colonies,V,5th_round_83,,48.0,48.0,1.0,22.0,2.0,0.92,0.232,0.328,0.373,0.388,0.205,0.305,0.361,0.379
SPAC824.05,vps16,small colonies,V,22th_round_358,,52.0,44.0,0.85,21.0,1.0,0.95,0.121,,,0.388,0.124,,,0.387
SPAC890.06,nup155,WT,V,22th_round_463,,,,,,,,,,,,,,,
SPAC8C9.08,rps5,small colonies,V,5th_round_84,,96.0,92.0,0.96,44.0,2.0,0.96,0.113,0.243,0.31,0.354,0.11,0.238,0.305,0.334
SPAC9.13c,cwf16,E,E,1st_round_5,,,,,,,,,,,,,,,
SPAC926.09c,fas1,E,E,"17th_round_256,22th_round_460",22th_round_460_#LV807?: 有几列四个长的是 WT,48.0,32.0,0.67,0.0,16.0,0.0,0.0,,,0.0,0.0,,,0.0
SPAC959.08,rpl2102,small colonies,V,5th_round_85,,96.0,96.0,1.0,48.0,0.0,1.0,0.106,0.242,0.293,0.319,0.098,0.24,0.302,0.322
SPAC977.03,SPAC977.03,WT,V,17th_round_257,,96.0,96.0,1.0,44.0,4.0,0.92,1.005,1.038,1.104,1.081,0.948,0.942,0.952,0.948
SPAC9G1.07,SPAC9G1.07,small colonies,V,17th_round_258,17th_round_258_#1: 克隆可见但转印后难长;17th_round_258_#2: 克隆可见但转印后难长,96.0,96.0,1.0,41.0,7.0,0.85,0.028,0.105,0.159,0.172,0.035,0.096,0.141,0.163
SPAC9G1.08c,phi1,WT,V,5th_round_86,,96.0,80.0,0.83,34.0,6.0,0.85,0.865,0.88,0.811,0.819,0.737,0.741,0.738,0.736
SPAP27G11.09c,rib1,E,E,16th_round_211,,,,,,,,,,,,,,,
SPAP27G11.16,SPAP27G11.16,small colonies,V,17th_round_259,,96.0,80.0,0.83,40.0,0.0,1.0,0.0,0.062,0.159,0.232,0.018,0.082,0.176,0.248
SPAP7G5.02c,gua2,E,E,22th_round_435,,,,,,,,,,,,,,,
SPAP8A3.07c,aro3,small colonies,V,13th_round_157,13th_round_157_#1: 克隆部分可见但转印后难长;13th_round_157_#2: 克隆部分可见但转印后难长,96.0,88.0,0.92,38.0,6.0,0.86,0.0,0.023,0.032,0.05,0.002,0.019,0.027,0.043
SPAP8A3.10,ups1,E,E,19th_round_320,19th_round_320_#1: 克隆部分轻微可见;19th_round_320_#2: 克隆部分轻微可见,,,,,,,,,,,,,,
SPAPB17E12.09,SPAPB17E12.09,very small colonies,V,15th_round_178,15th_round_178_#1: 克隆部分可见但转印后难长;15th_round_178_#2: 克隆部分可见但转印后难长,96.0,88.0,0.92,25.0,19.0,0.57,0.0,0.008,0.007,0.007,0.015,0.02,0.018,0.017
SPAPB18E9.01,trm5,small colonies,V,14th_round_172,14th_round_172_#1: 克隆可见但转印后长的不错;14th_round_172_#2: 克隆可见但转印后长的不错,96.0,88.0,0.92,39.0,5.0,0.89,0.0,0.0,0.023,0.041,0.0,0.002,0.021,0.037
SPAPB1E7.02c,mcl1,small colonies,V,13th_round_158,13th_round_158_#1: 克隆可见但转印后长的不错;13th_round_158_#2: 克隆可见但转印后长的不错,96.0,88.0,0.92,41.0,3.0,0.93,0.0,0.021,0.048,0.071,0.002,0.029,0.053,0.08
SPAPB1E7.09,ogm2,E,E,1st_round_6,,,,,,,,,,,,,,,
SPAPB1E7.12,rps602,small colonies,V,17th_round_260,,96.0,80.0,0.83,37.0,3.0,0.93,0.044,0.187,0.248,0.26,0.042,0.165,0.244,0.283
SPAPB24D3.06c,SPAPB24D3.06c,WT,V,20th_round_336,,96.0,80.0,0.83,38.0,2.0,0.95,0.957,0.932,0.904,0.896,0.895,0.89,0.886,0.877
SPAPB2B4.02,grx5,small colonies,V,"16th_round_207,17th_round_261",16th_round_207_#1: 克隆可见但转印后长的不错;16th_round_207_#2: 克隆可见但转印后长的不错;17th_round_261_#1: 克隆可见但转印后长的不错;17th_round_261_#2: 克隆可见但转印后长的不错,192.0,184.0,0.96,89.0,3.0,0.97,0.0,0.01,0.031,0.047,0.014,0.031,0.053,0.07
SPBC106.10,pka1,"E,small colonies",E,"17th_round_262,23th_round_262",17th_round_262_#1: 大部分两个都不长;17th_round_262_#2: 大部分两个都长;23th_round_262_#1: 并不是所有列一个长一个不长;23th_round_262_#2: 并不是所有列一个长一个不长,144.0,140.0,0.97,34.0,36.0,0.49,0.0,0.0,0.0,0.0,0.116,0.151,0.17,0.183
SPBC106.16,pre6,E,E,1st_round_7,,,,,,,,,,,,,,,
SPBC106.19,ppr10,small colonies,V,17th_round_263,,96.0,92.0,0.96,44.0,2.0,0.96,0.216,0.224,0.252,0.236,0.198,0.213,0.251,0.248
SPBC1198.02,dea2,WT,V,20th_round_337,,96.0,88.0,0.92,43.0,1.0,0.98,0.979,0.991,0.978,0.977,0.959,0.982,0.988,0.993
SPBC11C11.01,SPBC11C11.01,WT,V,16th_round_221,,96.0,80.0,0.83,35.0,5.0,0.88,0.9,0.893,0.936,0.939,0.857,0.851,0.9,0.907
SPBC11C11.02,imp2,small colonies,V,5th_round_87,5th_round_87_#1: 转印后很难长;5th_round_87_#2: 转印后很难长,96.0,60.0,0.62,26.0,4.0,0.87,0.0,0.003,0.047,0.07,0.0,0.017,0.061,0.086
SPBC11C11.07,rpl1801,small colonies,V,6th_round_88,,96.0,80.0,0.83,40.0,0.0,1.0,0.027,0.15,0.194,0.234,0.025,0.147,0.191,0.216
SPBC11G11.05,rpa34,E,E,22th_round_398,,,,,,,,,,,,,,,
SPBC11G11.06c,sme1,E,E,22th_round_407,,,,,,,,,,,,,,,
SPBC1289.08,uap1,E,E,22th_round_444,,,,,,,,,,,,,,,
SPBC1306.02,trm734,small colonies,V,22th_round_354,,52.0,48.0,0.92,17.0,7.0,0.71,0.041,,,0.395,0.04,,,0.34
SPBC13A2.02,nup82,E,E,14th_round_173,,,,,,,,,,,,,,,
SPBC13G1.13,tfb2,E,E,1st_round_8,,,,,,,,,,,,,,,
SPBC146.13c,myo1,E,E,"16th_round_199,22th_round_373",,,,,,,,,,,,,,,
SPBC14C8.07c,cdc18,E,E,16th_round_191,,,,,,,,,,,,,,,
SPBC14C8.16c,bot1,E,E,6th_round_89,,,,,,,,,,,,,,,
SPBC14F5.02,trs65,E,E,19th_round_321,,,,,,,,,,,,,,,
SPBC14F5.06,rli1,E,E,22th_round_439,,,,,,,,,,,,,,,
SPBC1539.06,acb1,small colonies,V,6th_round_90,,96.0,80.0,0.83,40.0,0.0,1.0,0.394,0.408,0.446,0.478,0.365,0.413,0.471,0.513
SPBC1539.09c,trp1,E,E,22th_round_427,,,,,,,,,,,,,,,
SPBC15D4.10c,amo1,small colonies,V,13th_round_159,,96.0,84.0,0.88,42.0,0.0,1.0,0.047,0.24,0.304,0.388,0.051,0.245,0.308,0.375
SPBC1604.08c,imp1,small colonies,V,6th_round_91,,96.0,92.0,0.96,45.0,1.0,0.98,0.265,0.37,0.399,0.406,0.257,0.365,0.396,0.412
SPBC1604.21c,uba1,E,E,16th_round_188,,,,,,,,,,,,,,,
SPBC1652.02,SPBC1652.02,small colonies,V,1st_round_9,,,,,,,,,,,,,,,
SPBC1683.07,mal1,WT,V,17th_round_264,,96.0,88.0,0.92,42.0,2.0,0.95,0.984,0.984,0.978,0.996,0.912,0.989,0.945,0.951
SPBC16C6.03c,rsa1,small colonies,V,17th_round_266,,96.0,88.0,0.92,44.0,0.0,1.0,0.473,0.538,0.594,0.577,0.457,0.541,0.583,0.591
SPBC16D10.03,kae1,small colonies,V,22th_round_370,22th_round_370_#1: 克隆可见但很小,52.0,36.0,0.69,16.0,2.0,0.89,0.0,,,0.022,0.0,,,0.022
SPBC16D10.06,zrt1,small colonies,V,6th_round_92,,96.0,96.0,1.0,47.0,1.0,0.98,0.329,0.542,0.729,0.593,0.302,0.516,0.799,0.618
SPBC16G5.08,trp4,E,E,22th_round_428,,,,,,,,,,,,,,,
SPBC16G5.15c,fkh2,"E,small colonies",E,6th_round_93,6th_round_93_#1: 克隆部分可见;6th_round_93_#2: 克隆部分可见,96.0,88.0,0.92,29.0,15.0,0.66,0.0,0.0,0.0,0.01,0.0,0.002,0.008,0.019
SPBC16H5.03c,uba2,very small colonies,V,6th_round_94,6th_round_94_#1: 克隆轻微可见;6th_round_94_#2: 克隆轻微可见,96.0,96.0,1.0,33.0,15.0,0.69,0.0,0.0,0.0,0.013,0.0,0.0,0.002,0.01
SPBC16H5.08c,SPBC16H5.08c,small colonies,V,6th_round_95,,96.0,92.0,0.96,45.0,1.0,0.98,0.327,0.438,0.443,0.447,0.328,0.425,0.463,0.48
SPBC1703.13c,mir1,"E,small colonies",E,22th_round_400,22th_round_400_#LV477: 也有一些 WT 没存货，可能是孢子存活率导致的,52.0,48.0,0.92,17.0,7.0,0.71,0.012,,,0.188,0.074,,,0.17
SPBC1703.15c,vps33,small colonies,V,22th_round_372,,52.0,44.0,0.85,22.0,0.0,1.0,0.054,,,0.226,0.06,,,0.286
SPBC1709.05,sks2,small colonies,V,6th_round_96,,96.0,84.0,0.88,42.0,0.0,1.0,0.0,0.109,0.164,0.187,0.002,0.106,0.158,0.182
SPBC1711.06,rpl401,small colonies,V,17th_round_267,,96.0,92.0,0.96,44.0,2.0,0.96,0.763,0.791,0.819,0.834,0.738,0.768,0.792,0.799
SPBC1734.04,anp1,"E,small colonies",E,"13th_round_160,19th_round_322",13th_round_160_#1: 大部分两个长少部分一个长一个不长;13th_round_160_#2: 大部分两个长少部分一个长一个不长,192.0,156.0,0.81,50.0,28.0,0.64,0.0,0.0,0.014,0.037,0.001,0.011,0.028,0.048
SPBC1734.16c,pst3,E,E,22th_round_418,,,,,,,,,,,,,,,
SPBC1778.01c,zuo1,small colonies,V,22th_round_380,,52.0,48.0,0.92,22.0,2.0,0.92,0.0,,,0.106,0.001,,,0.138
SPBC1778.05c,lam2,very small colonies,V,1st_round_10,1st_round_10_#1: 克隆部分可见;1st_round_10_#2: 克隆部分可见,96.0,88.0,0.92,29.0,15.0,0.66,0.0,0.0,0.0,0.01,0.0,0.0,0.003,0.012
SPBC17A3.09c,aim22,E,E,22th_round_393,,,,,,,,,,,,,,,
SPBC17G9.02c,cdc73,small colonies,V,6th_round_97,6th_round_97_#1: 转印后很难长;6th_round_97_#2: 转印后很难长,96.0,92.0,0.96,43.0,3.0,0.93,0.0,0.012,0.038,0.05,0.0,0.015,0.037,0.049
SPBC17G9.04c,nup85,E,E,16th_round_200,,,,,,,,,,,,,,,
SPBC17G9.09,tif213,E,E,7th_round_98,,,,,,,,,,,,,,,
SPBC17G9.10,rpl1102,small colonies,V,22th_round_388,,104.0,104.0,1.0,50.0,2.0,0.96,0.0,,,0.045,0.0,,,0.062
SPBC17G9.11c,pyr1,E,E,22th_round_436,,,,,,,,,,,,,,,
SPBC1815.01,eno101,E,E,22th_round_461,,,,,,,,,,,,,,,
SPBC18E5.05c,elp5,"E,small colonies",E,13th_round_161,13th_round_161_#1: 大部分一个长一个不长;13th_round_161_#2: 大部分一个长一个不长,96.0,48.0,0.5,10.0,14.0,0.42,0.0,0.0,0.0,0.0,0.0,0.009,0.024,0.037
SPBC18E5.12c,mas2,E,E,16th_round_195,,,,,,,,,,,,,,,
SPBC18H10.17c,mhr1,E,E,19th_round_323,,,,,,,,,,,,,,,
SPBC18H10.20c,any1,small colonies,V,7th_round_99,7th_round_99_#2: 克隆可见但转印后难长;7th_round_99_#3: 克隆可见但转印后难长,96.0,88.0,0.92,35.0,9.0,0.8,0.0,0.0,0.01,0.051,0.0,0.004,0.021,0.051
SPBC19C2.02,pmt1,E,E,17th_round_268,,,,,,,,,,,,,,,
SPBC19C2.05,pat1,E,E,19th_round_324,19th_round_324_#1: 克隆部分轻微可见;19th_round_324_#2: 克隆部分轻微可见,,,,,,,,,,,,,,
SPBC19C2.07,fba1,E,E,22th_round_437,,,,,,,,,,,,,,,
SPBC19C2.11c,mdm34,E,E,15th_round_179,,,,,,,,,,,,,,,
SPBC19C7.02,ubr1,small colonies,V,17th_round_269,,48.0,48.0,1.0,24.0,0.0,1.0,0.476,0.587,0.653,0.675,0.474,0.577,0.654,0.683
SPBC19F8.05,mrps26,E,E,19th_round_325,19th_round_325_#1: 克隆部分轻微可见;19th_round_325_#2: 克隆部分轻微可见,,,,,,,,,,,,,,
SPBC19F8.07,mcs6,E,E,22th_round_406,22th_round_406_#LV508: 克隆部分轻微可见,,,,,,,,,,,,,,
SPBC19F8.08,rps401,small colonies,V,7th_round_100,,96.0,96.0,1.0,48.0,0.0,1.0,0.406,0.588,0.669,0.721,0.402,0.57,0.63,0.672
SPBC19G7.07c,ppr3,small colonies,V,22th_round_356,,52.0,52.0,1.0,23.0,3.0,0.88,0.351,,,0.205,0.354,,,0.191
SPBC19G7.10c,pdc2,small colonies,V,17th_round_270,,96.0,92.0,0.96,46.0,0.0,1.0,0.0,0.013,0.08,0.111,0.0,0.016,0.081,0.109
SPBC19G7.14c,cog5,E,E,22th_round_412,,,,,,,,,,,,,,,
SPBC1A4.09,pus7,small colonies,V,7th_round_101,,96.0,88.0,0.92,44.0,0.0,1.0,0.469,0.511,0.53,0.555,0.481,0.501,0.526,0.549
SPBC1D7.04,mlo3,small colonies,V,7th_round_102,,96.0,92.0,0.96,45.0,1.0,0.98,0.088,0.187,0.231,0.255,0.089,0.188,0.231,0.26
SPBC216.02,num1,WT,V,17th_round_271,,96.0,92.0,0.96,45.0,1.0,0.98,0.977,0.96,0.97,0.978,0.955,0.961,0.969,0.974
SPBC216.07c,tor2,E,E,16th_round_192,,,,,,,,,,,,,,,
SPBC21B10.10,rps402,small colonies,V,17th_round_272,,96.0,96.0,1.0,48.0,0.0,1.0,0.562,0.659,0.734,0.733,0.551,0.657,0.718,0.733
SPBC21B10.15,SPBC21B10.15,small colonies,V,16th_round_222,,,,,,,,,,,,,,,
SPBC21C3.01c,vps1301,WT,V,17th_round_273,,96.0,92.0,0.96,46.0,0.0,1.0,0.964,0.981,1.017,1.036,0.927,0.93,0.931,0.923
SPBC21D10.11c,nfs1,E,E,22th_round_458,,,,,,,,,,,,,,,
SPBC21H7.04,dbp7,small colonies,V,13th_round_162,,96.0,96.0,1.0,46.0,2.0,0.96,0.054,0.206,0.246,0.284,0.055,0.203,0.244,0.285
SPBC23E6.07c,rfc1,E,E,16th_round_214,,,,,,,,,,,,,,,
SPBC23E6.08,rgp1,small colonies,V,7th_round_103,,96.0,88.0,0.92,44.0,0.0,1.0,0.439,0.484,0.524,0.534,0.426,0.491,0.523,0.54
SPBC23G7.05,sui1,E,E,22th_round_440,,,,,,,,,,,,,,,
SPBC23G7.12c,rpt6,E,E,17th_round_274,,,,,,,,,,,,,,,
SPBC23G7.16,ctr6,small colonies,V,17th_round_275,,96.0,92.0,0.96,46.0,0.0,1.0,0.727,0.762,0.797,0.822,0.745,0.763,0.783,0.812
SPBC24C6.05,sec28,WT,V,17th_round_276,,96.0,88.0,0.92,41.0,3.0,0.93,0.913,0.918,0.798,0.855,0.734,0.771,0.796,0.803
SPBC25H2.11c,spt7,small colonies,V,16th_round_204,16th_round_204_#1: 转印后难长;16th_round_204_#2: 转印后难长,48.0,24.0,0.5,9.0,3.0,0.75,0.02,0.066,0.109,0.123,0.019,0.059,0.093,0.105
SPBC25H2.15,tsr401,small colonies,V,7th_round_104,,48.0,44.0,0.92,22.0,0.0,1.0,0.102,0.243,0.339,0.406,0.104,0.247,0.31,0.354
SPBC26H8.06,grx4,E,E,22th_round_409,,,,,,,,,,,,,,,
SPBC27.06c,mgr2,small colonies,V,7th_round_105,,96.0,88.0,0.92,44.0,0.0,1.0,0.183,0.225,0.251,0.279,0.17,0.22,0.255,0.293
SPBC27B12.08,sip1,small colonies,V,22th_round_374,22th_round_374_#LV373: 克隆可见但很小,52.0,52.0,1.0,22.0,4.0,0.85,0.0,,,0.016,0.0,,,0.02
SPBC27B12.11c,pho7,small colonies,V,22th_round_468,,144.0,140.0,0.97,66.0,4.0,0.94,0.512,,,0.839,0.485,,,0.791
SPBC29A10.01,ccr1,small colonies,V,18th_round_309,,96.0,96.0,1.0,48.0,0.0,1.0,0.361,0.425,0.482,0.506,0.361,0.417,0.464,0.491
SPBC29A10.10c,dbl8,WT,V,17th_round_277,,96.0,68.0,0.71,33.0,1.0,0.97,0.955,0.962,0.931,0.896,0.949,0.956,0.955,0.953
SPBC29A10.14,rec8,small colonies,V,17th_round_278,,96.0,80.0,0.83,38.0,2.0,0.95,0.719,0.875,0.874,0.86,0.798,0.828,0.845,0.867
SPBC29A10.16c,cyb502,small colonies,V,7th_round_106,7th_round_106_#1: 克隆形状不规则;7th_round_106_#2: 克隆形状不规则,48.0,48.0,1.0,24.0,0.0,1.0,0.071,0.055,0.074,0.105,0.074,0.06,0.085,0.119
SPBC29A3.12,rps902,WT,V,22th_round_384,22th_round_384_#LV413: 像 WT;22th_round_384_#LV414: 有像有表型,52.0,52.0,1.0,26.0,0.0,1.0,0.979,,,0.903,0.91,,,0.993
SPBC29B5.01,atf1,small colonies,V,23th_round_279,23th_round_279_#1: 克隆形状不规则,48.0,48.0,1.0,24.0,0.0,1.0,0.065,0.063,0.059,0.064,0.07,0.068,0.059,0.064
SPBC2A9.06c,nus1,E,E,22th_round_456,,,,,,,,,,,,,,,
SPBC2A9.10,bmc1,WT,V,20th_round_339,,96.0,92.0,0.96,44.0,2.0,0.96,0.937,0.966,0.938,0.939,0.906,0.917,0.907,0.899
SPBC2A9.12,orc6,E,E,22th_round_403,,,,,,,,,,,,,,,
SPBC2D10.10c,fib1,E,E,1st_round_11,,,,,,,,,,,,,,,
SPBC2F12.04,rpl1701,small colonies,V,1st_round_12,,96.0,96.0,1.0,47.0,1.0,0.98,0.054,0.162,0.199,0.216,0.053,0.163,0.207,0.227
SPBC30D10.07c,bpl1,E,E,22th_round_420,,,,,,,,,,,,,,,
SPBC31E1.04,pep12,E,E,22th_round_426,,,,,,,,,,,,,,,
SPBC31F10.04c,srb4,E,E,22th_round_419,,,,,,,,,,,,,,,
SPBC32C12.02,ste11,WT,V,20th_round_340,,96.0,88.0,0.92,43.0,1.0,0.98,1.072,1.058,1.064,1.042,1.037,1.041,1.052,1.065
SPBC32F12.01c,css1,"E,small colonies",E,22th_round_462,22th_round_462_#LV815?: 有4个 deletion 克隆长起来且不小,,,,,,,,,,,,,,
SPBC32F12.11,tdh1,small colonies,V,13th_round_163,13th_round_163_#1: 克隆红色鲜艳;13th_round_163_#4: 克隆红色鲜艳,96.0,88.0,0.92,41.0,3.0,0.93,0.751,0.858,0.891,0.934,0.738,0.814,0.869,0.886
SPBC336.01,fbh1,very small colonies,V,22th_round_364,22th_round_364_#1: 克隆可见但很小,52.0,40.0,0.77,9.0,11.0,0.45,0.0,,,0.0,0.004,,,0.016
SPBC336.11,vps52,E,E,19th_round_326,,,,,,,,,,,,,,,
SPBC337.10c,dre2,E,E,1st_round_13,,,,,,,,,,,,,,,
SPBC354.10,def1,small colonies,V,"17th_round_281,23th_round_281",,192.0,184.0,0.96,92.0,0.0,1.0,0.78,0.886,0.929,0.936,0.83,0.861,0.89,0.911
SPBC359.02,alr2,WT,V,15th_round_180,,48.0,44.0,0.92,15.0,7.0,0.68,1.006,0.976,0.968,0.972,0.992,0.991,0.983,0.816
SPBC36.07,elp1,E,E,7th_round_107,,,,,,,,,,,,,,,
SPBC365.03c,rpl2101,small colonies,V,13th_round_164,,96.0,84.0,0.88,42.0,0.0,1.0,0.0,0.091,0.13,0.165,0.0,0.095,0.132,0.168
SPBC365.13c,hba1,small colonies,V,8th_round_108,,96.0,92.0,0.96,46.0,0.0,1.0,0.119,0.235,0.299,0.33,0.108,0.236,0.295,0.33
SPBC365.14c,uge1,small colonies,V,22th_round_376,,52.0,52.0,1.0,26.0,0.0,1.0,0.017,,,0.18,0.019,,,0.171
SPBC36B7.03,sec63,E,E,22th_round_446,,,,,,,,,,,,,,,
SPBC36B7.09,gcn2,WT,V,20th_round_341,,96.0,84.0,0.88,41.0,1.0,0.98,1.012,1.073,1.166,1.252,1.014,1.047,1.073,1.102
SPBC3B9.13c,rpp102,small colonies,V,"8th_round_109,17th_round_282",,192.0,184.0,0.96,86.0,6.0,0.93,0.101,0.321,0.359,0.35,0.177,0.323,0.361,0.376
SPBC3B9.14c,mrpl3,E,E,22th_round_414,22th_round_414_#LV540: 克隆部分轻微可见,,,,,,,,,,,,,,
SPBC3D6.08c,lsm1,E,E,8th_round_110,,,,,,,,,,,,,,,
SPBC3D6.11c,slx8,E,E,15th_round_181,,,,,,,,,,,,,,,
SPBC3E7.10,fma1,small colonies,V,17th_round_283,,96.0,88.0,0.92,44.0,0.0,1.0,0.717,0.698,0.696,0.723,0.711,0.711,0.733,0.752
SPBC3F6.03,trr1,small colonies,V,8th_round_111,,96.0,88.0,0.92,42.0,2.0,0.95,0.028,0.136,0.188,0.245,0.025,0.126,0.192,0.242
SPBC3F6.05,rga1,small colonies,V,22th_round_399,,52.0,52.0,1.0,25.0,1.0,0.96,0.0,,,0.117,0.001,,,0.13
SPBC3H7.07c,ser2,small colonies,V,22th_round_369,,52.0,48.0,0.92,20.0,4.0,0.83,0.0,,,0.14,0.01,,,0.148
SPBC405.07,rpl3602,small colonies,V,8th_round_112,,96.0,84.0,0.88,42.0,0.0,1.0,0.123,0.244,0.287,0.312,0.112,0.243,0.298,0.331
SPBC409.20c,shr3,small colonies,V,8th_round_113,,96.0,76.0,0.79,37.0,1.0,0.97,0.448,0.683,0.771,0.841,0.646,0.72,0.764,0.799
SPBC428.02c,eca39,small colonies,V,22th_round_448,,48.0,48.0,1.0,24.0,0.0,1.0,0.149,,,0.142,0.12,,,0.15
SPBC460.03,vba2,WT,V,16th_round_223,,48.0,44.0,0.92,22.0,0.0,1.0,0.999,1.093,1.108,1.112,0.985,0.976,0.998,0.963
SPBC4B4.06,vps25,small colonies,V,17th_round_284,,96.0,96.0,1.0,47.0,1.0,0.98,0.068,0.172,0.248,0.304,0.077,0.158,0.217,0.262
SPBC4F6.10,vps901,WT,V,17th_round_285,,96.0,88.0,0.92,41.0,3.0,0.93,0.937,0.914,0.919,0.961,0.876,0.875,0.873,0.874
SPBC56F2.02,rpl1901,small colonies,V,1st_round_14,,96.0,96.0,1.0,46.0,2.0,0.96,0.0,0.077,0.132,0.152,0.002,0.073,0.126,0.151
SPBC56F2.04,utp20,E,E,22th_round_441,,,,,,,,,,,,,,,
SPBC56F2.12,ilv5,small colonies,V,1st_round_15,,96.0,92.0,0.96,38.0,8.0,0.83,0.0,0.031,0.089,0.122,0.067,0.092,0.121,0.153
SPBC577.04,tho5,"E,small colonies",E,8th_round_114,8th_round_114_#1: 克隆部分可见但转印后长的不错;8th_round_114_#2: 克隆部分可见但转印后长的不错,96.0,84.0,0.88,28.0,14.0,0.67,0.0,0.0,0.0,0.016,0.0,0.001,0.009,0.026
SPBC577.06c,stt4,E,E,22th_round_442,,,,,,,,,,,,,,,
SPBC646.09c,int6,small colonies,V,17th_round_286,,96.0,96.0,1.0,45.0,3.0,0.94,0.353,0.42,0.458,0.472,0.349,0.411,0.445,0.472
SPBC646.13,sds23,small colonies,V,22th_round_451,,48.0,48.0,1.0,22.0,2.0,0.92,0.045,,,0.25,0.043,,,0.243
SPBC685.07c,rpl2701,small colonies,V,8th_round_115,,96.0,80.0,0.83,38.0,2.0,0.95,0.0,0.019,0.046,0.072,0.0,0.019,0.046,0.073
SPBC6B1.04,mde4,small colonies,V,8th_round_116,,48.0,48.0,1.0,24.0,0.0,1.0,0.299,0.369,0.435,0.467,0.298,0.375,0.424,0.463
SPBC6B1.09c,nbs1,small colonies,V,8th_round_117,,96.0,96.0,1.0,48.0,0.0,1.0,0.11,0.17,0.189,0.189,0.097,0.161,0.183,0.196
SPBC725.08,pir2,E,E,16th_round_215,,,,,,,,,,,,,,,
SPBC776.03,hom6,small colonies,V,22th_round_447,,48.0,44.0,0.92,21.0,1.0,0.95,0.0,,,0.046,0.0,,,0.045
SPBC776.04,sec2302,small colonies,V,22th_round_365,,52.0,52.0,1.0,20.0,6.0,0.77,0.0,,,0.096,0.0,,,0.167
SPBC800.07c,tsf1,small colonies,V,17th_round_287,,96.0,88.0,0.92,41.0,3.0,0.93,0.24,0.265,0.27,0.264,0.232,0.251,0.25,0.244
SPBC800.10c,ede1,small colonies,V,9th_round_118,,96.0,88.0,0.92,39.0,5.0,0.89,0.0,0.054,0.104,0.119,0.005,0.055,0.104,0.13
SPBC839.05c,rps1701,small colonies,V,9th_round_119,,96.0,92.0,0.96,46.0,0.0,1.0,0.314,0.481,0.511,0.52,0.309,0.48,0.525,0.545
SPBC887.05c,cwf29,"E,small colonies",E,22th_round_377,22th_round_377_#LV385: 克隆可见但很小,52.0,44.0,0.85,13.0,9.0,0.59,0.0,,,0.019,0.001,,,0.019
SPBC887.17,SPBC887.17,small colonies,V,16th_round_224,,96.0,84.0,0.88,42.0,0.0,1.0,0.115,0.257,0.322,0.379,0.134,0.259,0.318,0.372
SPBC8D2.05c,sfi1,E,E,"16th_round_216,22th_round_413",,,,,,,,,,,,,,,
SPBC8D2.07c,sfc9,WT,V,22th_round_408,,,,,,,,,,,,,,,
SPBC8D2.17,gmh4,small colonies,V,17th_round_289,,96.0,96.0,1.0,48.0,0.0,1.0,0.485,0.524,0.564,0.61,0.498,0.533,0.561,0.59
SPBC8D2.18c,sah1,small colonies,V,22th_round_401,,52.0,48.0,0.92,22.0,2.0,0.92,0.0,,,0.13,0.001,,,0.122
SPBC947.02,apl2,small colonies,V,13th_round_165,,96.0,96.0,1.0,40.0,8.0,0.83,0.043,0.174,0.259,0.258,0.083,0.18,0.256,0.285
SPBC947.13,rba50,E,E,1st_round_16,,,,,,,,,,,,,,,
SPBC9B6.07,nop52,small colonies,V,9th_round_120,,96.0,92.0,0.96,46.0,0.0,1.0,0.213,0.323,0.354,0.366,0.184,0.298,0.345,0.375
SPBP16F5.07,apm1,small colonies,V,22th_round_360,,,,,,,,,,,,,,,
SPBP16F5.08c,fmo1,WT,V,17th_round_290,,96.0,80.0,0.83,37.0,3.0,0.93,0.974,0.991,0.953,0.932,0.896,0.905,0.905,0.902
SPBP19A11.01,gcv3,very small colonies,V,20th_round_342,20th_round_342_#1: 克隆轻微可见;20th_round_342_#2: 克隆轻微可见,96.0,96.0,1.0,45.0,3.0,0.94,0.0,0.0,0.01,0.018,0.0,0.0,0.01,0.016
SPBP22H7.08,rps1002,small colonies,V,9th_round_121,,96.0,88.0,0.92,39.0,5.0,0.89,0.014,0.159,0.227,0.266,0.011,0.142,0.217,0.264
SPBP35G2.07,ilv1,small colonies,V,1st_round_17,,96.0,92.0,0.96,45.0,1.0,0.98,0.129,0.192,0.217,0.231,0.087,0.131,0.163,0.191
SPBP35G2.08c,air1,small colonies,V,9th_round_122,,48.0,36.0,0.75,18.0,0.0,1.0,0.016,0.123,0.202,0.233,0.022,0.129,0.208,0.253
SPBP35G2.09,usp103,E,E,15th_round_182,,,,,,,,,,,,,,,
SPBP4H10.03,oxa102,small colonies,V,20th_round_343,20th_round_343_#1: 克隆可见且形状不规则;20th_round_343_#2: 克隆可见且形状不规则,96.0,88.0,0.92,41.0,3.0,0.93,0.012,0.033,0.058,0.084,0.017,0.036,0.057,0.079
SPBP8B7.22,erd2,very small colonies,V,9th_round_123,9th_round_123_#1: 极少数deletion长了一点;9th_round_123_#2: 极少数deletion长了一点,96.0,88.0,0.92,8.0,36.0,0.18,0.0,0.0,0.0,0.0,0.006,0.01,0.01,0.011
SPCC1020.01c,pma2,small colonies,V,22th_round_455,,96.0,56.0,0.58,20.0,8.0,0.71,0.379,,,0.623,0.398,,,0.59
SPCC1223.07c,drs1,E,E,22th_round_457,,,,,,,,,,,,,,,
SPCC1235.04c,nad1,E,E,9th_round_124,,,,,,,,,,,,,,,
SPCC1259.01c,rps1802,small colonies,V,13th_round_166,13th_round_166_#1: 克隆可见但转印后长的不错;13th_round_166_#2: 克隆可见但转印后长的不错,96.0,76.0,0.79,33.0,5.0,0.87,0.0,0.0,0.025,0.058,0.0,0.0,0.022,0.054
SPCC1259.07,rxt3,E,E,22th_round_402,22th_round_402_#LV492: 克隆部分轻微可见,,,,,,,,,,,,,,
SPCC1281.05,rsc7,E,E,20th_round_344,,,,,,,,,,,,,,,
SPCC1393.03,rps1501,small colonies,V,9th_round_125,,96.0,84.0,0.88,39.0,3.0,0.93,0.238,0.423,0.473,0.479,0.222,0.416,0.474,0.51
SPCC1393.07c,mug4,E,E,17th_round_291,,,,,,,,,,,,,,,
SPCC13B11.01,adh1,small colonies,V,22th_round_445,,,,,,,,,,,,,,,
SPCC1494.04c,tyr1,very small colonies,V,13th_round_167,13th_round_167_#1: 克隆部分轻微可见;13th_round_167_#2: 克隆部分轻微可见,96.0,96.0,1.0,17.0,31.0,0.35,0.0,0.0,0.0,0.0,0.0,0.0,0.001,0.002
SPCC1620.14c,snf22,small colonies,V,"17th_round_292,23th_round_292",,96.0,92.0,0.96,46.0,0.0,1.0,0.481,0.516,0.575,0.58,0.484,0.53,0.572,0.597
SPCC1672.01,SPCC1672.01,E,E,20th_round_345,,,,,,,,,,,,,,,
SPCC1682.16,rpt4,E,E,1st_round_18,,,,,,,,,,,,,,,
SPCC16A11.07,coq10,small colonies,V,20th_round_346,,96.0,88.0,0.92,43.0,1.0,0.98,0.587,0.578,0.558,0.52,0.576,0.572,0.561,0.541
SPCC16A11.17,mcm4,E,E,16th_round_196,,,,,,,,,,,,,,,
SPCC16C4.12,naa20,small colonies,V,9th_round_126,9th_round_126_#1: 克隆部分可见但转印后难长;9th_round_126_#2: 克隆部分可见但转印后难长,48.0,44.0,0.92,21.0,1.0,0.95,0.0,0.0,0.015,0.033,0.02,0.003,0.016,0.033
SPCC16C4.14c,sfc4,E,E,9th_round_127,,,,,,,,,,,,,,,
SPCC1739.14,npp106,small colonies,V,10th_round_128,,96.0,88.0,0.92,43.0,1.0,0.98,0.046,0.283,0.38,0.463,0.047,0.264,0.358,0.427
SPCC1739.15,wtf21,WT,V,20th_round_347,,96.0,76.0,0.79,33.0,5.0,0.87,0.954,0.966,0.979,0.962,0.831,0.833,0.833,0.837
SPCC1795.03,gms1,small colonies,V,10th_round_129,,96.0,64.0,0.67,30.0,2.0,0.94,0.0,0.082,0.133,0.163,0.005,0.081,0.136,0.178
SPCC18.14c,rpp0,E,E,22th_round_433,,,,,,,,,,,,,,,
SPCC18.17c,SPCC18.17c,small colonies,V,22th_round_383,,52.0,52.0,1.0,26.0,0.0,1.0,0.412,,,0.481,0.394,,,0.443
SPCC1840.02c,bgs4,E,E,22th_round_453,,,,,,,,,,,,,,,
SPCC1906.02c,rqt3,small colonies,V,17th_round_293,,96.0,84.0,0.88,41.0,1.0,0.98,0.773,0.797,0.876,0.949,0.762,0.797,0.842,0.883
SPCC191.02c,acs1,E,E,1st_round_19,,,,,,,,,,,,,,,
SPCC1919.09,tif6,E,E,22th_round_450,,,,,,,,,,,,,,,
SPCC1919.10c,myo52,small colonies,V,22th_round_362,,52.0,52.0,1.0,25.0,1.0,0.96,0.021,,,0.279,0.034,,,0.286
SPCC1919.12c,erm2,WT,V,17th_round_294,,96.0,92.0,0.96,43.0,3.0,0.93,1.029,1.007,1.007,1.005,0.936,0.94,0.934,0.915
SPCC24B10.04,mrpl50,E,E,1st_round_20,,,,,,,,,,,,,,,
SPCC24B10.06,SPCC24B10.06,small colonies,V,10th_round_130,10th_round_130_#1: 克隆形状不规则;10th_round_130_#2: 克隆形状不规则,96.0,88.0,0.92,39.0,5.0,0.89,0.236,0.247,0.246,0.217,0.203,0.206,0.217,0.238
SPCC24B10.07,gad8,"E,small colonies",E,10th_round_131,10th_round_131_#1: 不都是一个长一个不长;10th_round_131_#2: 不都是一个长一个不长,96.0,92.0,0.96,24.0,22.0,0.52,0.0,0.0,0.0,0.014,0.002,0.019,0.028,0.037
SPCC24B10.12,cgi121,small colonies,V,10th_round_132,,96.0,92.0,0.96,46.0,0.0,1.0,0.325,0.431,0.505,0.544,0.333,0.44,0.511,0.547
SPCC24B10.18,SPCC24B10.18,small colonies,V,"16th_round_208,17th_round_295",,144.0,140.0,0.97,70.0,0.0,1.0,0.813,0.851,0.856,0.837,0.806,0.842,0.852,0.855
SPCC24B10.22,pog1,E,E,10th_round_134,10th_round_134_#1: 克隆部分轻微可见;10th_round_134_#2: 克隆部分轻微可见,96.0,96.0,1.0,3.0,45.0,0.06,0.0,0.0,0.0,0.0,0.0,0.0,0.0,0.0
SPCC285.14,trs130,E,E,10th_round_135,,,,,,,,,,,,,,,
SPCC285.15c,rps2802,small colonies,V,10th_round_136,,48.0,32.0,0.67,11.0,5.0,0.69,0.435,0.52,0.538,0.509,0.316,0.372,0.401,0.412
SPCC306.06c,big1,"E,small colonies",E,"16th_round_220,20th_round_348",16th_round_220_#1: 大部分一个长一个不长;16th_round_220_#2: 大部分一个长一个不长,192.0,176.0,0.92,41.0,47.0,0.47,0.0,0.0,0.0,0.0,0.07,0.127,0.16,0.18
SPCC31H12.08c,ccr4,small colonies,V,18th_round_310,,96.0,76.0,0.79,38.0,0.0,1.0,0.573,0.61,0.602,0.587,0.567,0.641,0.677,0.696
SPCC320.04c,gem1,small colonies,V,22th_round_389,,52.0,52.0,1.0,23.0,3.0,0.88,0.0,,,0.064,0.002,,,0.062
SPCC338.07c,naa15,small colonies,V,"10th_round_137,17th_round_298",17th_round_298_#1: 克隆可见但转印后难长;17th_round_298_#2: 克隆可见但转印后难长,192.0,160.0,0.83,75.0,5.0,0.94,0.053,0.093,0.119,0.122,0.048,0.082,0.105,0.111
SPCC364.07,ser3,"E,small colonies",E,22th_round_387,22th_round_387_#LV425: 克隆可见但很小，且大部分一个可见一个可见,52.0,44.0,0.85,13.0,9.0,0.59,0.0,,,0.006,0.0,,,0.012
SPCC4B3.05c,hem12,E,E,11th_round_138,,,,,,,,,,,,,,,
SPCC4G3.05c,mus81,small colonies,V,11th_round_139,,48.0,44.0,0.92,19.0,3.0,0.86,0.035,0.118,0.168,0.204,0.038,0.103,0.157,0.187
SPCC4G3.12c,SPCC4G3.12c,WT,V,17th_round_299,,96.0,92.0,0.96,46.0,0.0,1.0,0.994,1.052,1.07,1.084,1.007,1.017,1.02,1.018
SPCC4G3.16,rib2,E,E,15th_round_183,,,,,,,,,,,,,,,
SPCC553.01c,dbl2,small colonies,V,23th_round_300,23th_round_300_#1: 克隆可见但转印后难长;23th_round_300_#2: 克隆可见但转印后难长,96.0,68.0,0.71,34.0,0.0,1.0,0.551,0.554,0.529,0.507,0.556,0.555,0.525,0.504
SPCC553.08c,ria1,small colonies,V,11th_round_140,11th_round_140_#1: 克隆可见但转印后长的不错;11th_round_140_#2: 克隆可见但转印后长的不错,96.0,88.0,0.92,41.0,3.0,0.93,0.0,0.0,0.015,0.033,0.0,0.0,0.014,0.032
SPCC576.11,rpl15,small colonies,V,"13th_round_168,19th_round_327",,192.0,176.0,0.92,86.0,2.0,0.98,0.023,0.141,0.178,0.215,0.029,0.133,0.176,0.203
SPCC594.02c,SPCC594.02c,small colonies,V,18th_round_311,,48.0,48.0,1.0,23.0,1.0,0.96,0.828,0.855,0.844,0.848,0.797,0.806,0.817,0.829
SPCC594.04c,SPCC594.04c,small colonies,V,22th_round_394,22th_round_394_#LV453: 好像可以区分,52.0,48.0,0.92,22.0,2.0,0.92,0.714,,,0.741,0.67,,,0.695
SPCC5E4.07,rpl2802,small colonies,V,19th_round_328,,48.0,48.0,1.0,24.0,0.0,1.0,0.02,0.108,0.162,0.203,0.017,0.106,0.155,0.205
SPCC61.01c,str2,WT,V,15th_round_184,,48.0,28.0,0.58,14.0,0.0,1.0,0.922,0.977,1.137,1.25,0.939,1.036,1.004,1.108
SPCC61.02,spt3,very small colonies,V,17th_round_301,17th_round_301_#1: 克隆轻微可见;17th_round_301_#2: 克隆轻微可见,96.0,88.0,0.92,41.0,3.0,0.93,0.0,0.0,0.009,0.017,0.0,0.0,0.009,0.017
SPCC613.07,bcd1,small colonies,V,22th_round_391,,52.0,52.0,1.0,26.0,0.0,1.0,0.0,,,0.081,0.0,,,0.087
SPCC613.08,SPCC613.08,small colonies,V,13th_round_169,,48.0,44.0,0.92,22.0,0.0,1.0,0.038,0.106,0.16,0.183,0.033,0.097,0.162,0.192
SPCC613.11c,meu23,small colonies,V,17th_round_302,,96.0,96.0,1.0,44.0,4.0,0.92,0.78,0.814,0.87,0.898,0.705,0.764,0.782,0.772
SPCC645.04,nse3,E,E,20th_round_349,,,,,,,,,,,,,,,
SPCC645.07,rgf1,small colonies,V,22th_round_368,,,,,,,,,,,,,,,
SPCC663.01c,ekc1,small colonies,V,22th_round_352,,52.0,52.0,1.0,19.0,7.0,0.73,0.0,,,0.117,0.029,,,0.132
SPCC736.06,dar2,small colonies,V,20th_round_350,20th_round_350_#1: 克隆可见但转印后难长;20th_round_350_#2: 克隆可见但转印后难长,48.0,44.0,0.92,20.0,2.0,0.91,0.0,0.0,0.024,0.04,0.0,0.007,0.028,0.047
SPCC736.07c,uri1,E,E,13th_round_170,,,,,,,,,,,,,,,
SPCC777.07,omh3,"E,small colonies",E,"11th_round_141,17th_round_303",11th_round_141_#1: 克隆形状不规则且不都是一个长一个不长;11th_round_141_#2: 克隆形状不规则且不都是一个长一个不长;17th_round_303_#3: 克隆形状不规则且一半一个长一个不长;17th_round_303_#4: 克隆形状不规则且一半一个长一个不长,192.0,164.0,0.85,44.0,38.0,0.54,0.0,0.007,0.007,0.011,0.01,0.025,0.037,0.048
SPCC777.10c,ubc12,E,E,22th_round_415,,,,,,,,,,,,,,,
SPCC965.03,vma8,E,E,16th_round_212,,,,,,,,,,,,,,,
SPCC965.05c,thp1,WT,V,17th_round_304,,96.0,84.0,0.88,38.0,4.0,0.9,0.938,0.98,1.031,1.094,0.849,0.88,0.912,0.934
SPCC970.05,rpl3601,small colonies,V,22th_round_378,,52.0,52.0,1.0,26.0,0.0,1.0,0.064,,,0.218,0.057,,,0.219
SPCP1E11.05c,are2,small colonies,V,17th_round_305,,96.0,88.0,0.92,44.0,0.0,1.0,0.49,0.501,0.537,0.543,0.469,0.482,0.51,0.532
SPCP1E11.08,nsa2,E,E,22th_round_430,,,,,,,,,,,,,,,
SPCP31B10.07,eft202,small colonies,V,11th_round_142,,96.0,96.0,1.0,47.0,1.0,0.98,0.742,0.753,0.813,0.9,0.771,0.728,0.768,0.778
